D0531288,6
D0545521,6
D0546567,6
D0546584,6
D0546936,6
D0551182,6
D0551428,6
D0571602,6
D0571736,6
D0582314,6
D0583567,6
D0587490,6
D0588474,6
D0589636,6
D0591139,6
D0593395,6
D0633931,6
D0635475,6
D0638687,6
D0643917,6
D0646109,6
D0646586,6
D0648987,6
D0649528,6
D0650028,6
D0651361,6
D0673756,6
D0678128,6
D0687458,6
D0688637,6
D0708127,6
D0721720,6
D0736627,6
D0745972,6
D0748284,6
D0750021,6
D0782705,6
D0812600,6
D0812688,6
D0840935,6
D0843526,6
D0856789,6
D0877254,6
D0878638,6
D0889158,6
D0572176,6
D0631068,6
D0647424,6
D0650386,6
D0675358,6
D0680029,6
D0681209,6
D0686491,6
D0686665,6
D0733610,6
D0736998,6
D0745721,6
D0750078,6
D0759172,6
D0759376,6
D0795051,6
D0808409,6
D0812720,6
D0843485,6
D0843867,6
D0853000,6
D0853027,6
D0853222,6